sol,target,scan,point,mean,amplitude,fwhm,snr,min_ID,peak_ID
861,Dragons_Egg_Lake,detail_1,0,700.0,3425.49267347123,30.0,30.489391679608175,unidentified,1
861,Dragons_Egg_Lake,detail_1,0,775.9265196938397,319.59642919124036,69.99999935752693,2.844642110748256,unidentified,2
861,Dragons_Egg_Lake,detail_1,0,986.2346049946856,579.1312677144167,90.0,5.154692109546902,pyroxene,3
861,Dragons_Egg_Lake,detail_1,0,1013.2499514007046,13788.525814243574,30.0,122.72797063344572,sulf1_v1,4
861,Dragons_Egg_Lake,detail_1,0,1137.9303361280947,1925.455788738676,90.0,17.137965630249784,unidentified,5
861,Dragons_Egg_Lake,detail_1,1,701.4498568398798,612.3059077750823,30.0,3.052081858409002,unidentified,6
861,Dragons_Egg_Lake,detail_1,1,1011.0667452809244,2056.9231123450422,40.000000084888654,10.25287790892349,sulf1_v1,7
861,Dragons_Egg_Lake,detail_1,2,700.0,891.6867222938657,37.81522194026318,5.793744126300397,unidentified,8
861,Dragons_Egg_Lake,detail_1,2,791.9457053916437,403.8904317636782,90.0,2.6242824505449516,unidentified,9
861,Dragons_Egg_Lake,detail_1,2,941.001432249266,615.6044033560127,54.51503175121182,3.999896271745904,unidentified,10
861,Dragons_Egg_Lake,detail_1,2,1015.2997122374549,3051.150062187048,34.9712775176836,19.824880543002465,sulf1_v1,11
861,Dragons_Egg_Lake,detail_1,2,1095.8461241463033,1049.338901399059,90.0,6.818090865858723,hi-carb,12
861,Dragons_Egg_Lake,detail_1,3,700.0,486.5065333525591,88.15697904943768,2.8195772529455376,unidentified,13
861,Dragons_Egg_Lake,detail_1,3,984.389181861457,1043.8099973057865,57.37489720745233,6.049462284749514,pyroxene,14
861,Dragons_Egg_Lake,detail_1,3,1019.3160704023812,10569.200104969435,30.0,61.254421379384866,sulf1_v1,15
861,Dragons_Egg_Lake,detail_1,3,1092.9038511434478,1351.5720165349785,73.83186629540693,7.833115184042389,hi-carb,16
861,Dragons_Egg_Lake,detail_1,3,1169.6917641432087,1380.5573706452471,68.19476762586109,8.00110151005265,unidentified,17
861,Dragons_Egg_Lake,detail_1,4,700.0,1142.2516261732767,49.36163373397597,8.846120879196073,unidentified,18
861,Dragons_Egg_Lake,detail_1,4,969.6777977293888,2420.7227631253904,30.0,18.747188173738067,phosphate,19
861,Dragons_Egg_Lake,detail_1,4,1011.4687649792758,84081.71088084929,30.0,651.1673620228897,sulf1_v1,20
861,Dragons_Egg_Lake,detail_1,4,1123.6497812913235,2343.721203224943,30.0,18.150852750650927,sulf_v3,21
861,Dragons_Egg_Lake,detail_1,4,1143.184154547735,11248.238324404218,77.09846221841194,87.11152045284216,unidentified,22
861,Dragons_Egg_Lake,detail_1,5,700.0,696.6160729401424,31.219610193751567,5.007234123480025,unidentified,23
861,Dragons_Egg_Lake,detail_1,5,960.8395072984785,465.7185561163462,90.0,3.3475567629114864,phosphate,24
861,Dragons_Egg_Lake,detail_1,5,1012.2268261955616,5919.344586103589,34.13058028178873,42.54789022463661,sulf1_v1,25
861,Dragons_Egg_Lake,detail_1,5,1139.733383141412,1111.1332594517403,77.93571925322594,7.986758544025736,unidentified,26
861,Dragons_Egg_Lake,detail_1,6,709.5728671921551,358.23250334078784,90.0,2.6746621227445746,unidentified,27
861,Dragons_Egg_Lake,detail_1,6,799.0809293723911,370.6966244277589,30.0,2.7677226693273886,unidentified,28
861,Dragons_Egg_Lake,detail_1,6,1012.7590467597016,1586.6369778354922,32.06033921836151,11.846266845098226,sulf1_v1,29
861,Dragons_Egg_Lake,detail_1,6,1017.8585112904386,344.13239871617174,69.99999991184526,2.569386874366792,sulf1_v1,30
861,Dragons_Egg_Lake,detail_1,6,1123.0313848681496,565.3542693583776,74.89659537028167,4.22109003533465,sulf_v3,31
861,Dragons_Egg_Lake,detail_1,7,700.5668950532149,346.1454047670179,90.0,2.6514057362087,unidentified,32
861,Dragons_Egg_Lake,detail_1,7,994.4635915434242,448.79559153352625,30.0,3.4376859822191985,pyroxene,33
861,Dragons_Egg_Lake,detail_1,7,1023.0387056506568,7009.594472253767,30.0,53.69211532575373,sulf2_v1,34
861,Dragons_Egg_Lake,detail_1,7,1155.2366021993646,1088.548693967206,76.50353911292183,8.338068949000663,unidentified,35
861,Dragons_Egg_Lake,detail_1,8,797.540943054453,197.7282653905499,90.0,2.6876065438844177,unidentified,36
861,Dragons_Egg_Lake,detail_1,8,969.0690471027244,420.6055235209431,64.72320249142344,5.717048876021975,phosphate,37
861,Dragons_Egg_Lake,detail_1,8,1002.4882323630728,2515.9678321524,39.103198501444446,34.198103121672645,pyroxene,38
861,Dragons_Egg_Lake,detail_1,8,1014.7286309983048,40385.65349908145,30.0,548.9389511853143,sulf1_v1,39
861,Dragons_Egg_Lake,detail_1,8,1147.5412437273426,5958.929294761355,78.3323603942007,80.99629729473467,unidentified,40
861,Dragons_Egg_Lake,detail_1,9,1009.6522056358604,269.1884903962269,30.0,2.2830846366470263,sulf1_v1,41
861,Dragons_Egg_Lake,detail_1,9,1012.0709820372142,6602.474700124472,30.0,55.99796829915337,sulf1_v1,42
861,Dragons_Egg_Lake,detail_1,9,1059.980308729013,292.49958516492165,30.0,2.4807944356488036,lo-carb,43
861,Dragons_Egg_Lake,detail_1,9,1137.776925442027,1035.2043398712844,74.74298860928648,8.77994122509327,unidentified,44
861,Dragons_Egg_Lake,detail_1,10,967.389583487608,1443.9817710404543,30.0,9.172182504735124,phosphate,45
861,Dragons_Egg_Lake,detail_1,10,1009.8219259381842,54568.25381767451,30.0,346.6179373024769,sulf1_v1,46
861,Dragons_Egg_Lake,detail_1,10,1058.3216916715537,795.5159658332377,30.0,5.053123086723971,lo-carb,47
861,Dragons_Egg_Lake,detail_1,10,1137.1425809766858,7674.90890632783,61.92919396420042,48.75107609241676,unidentified,48
861,Dragons_Egg_Lake,detail_1,10,1175.1653650804694,2018.2606287866076,37.021067260207374,12.820005903546551,unidentified,49
861,Dragons_Egg_Lake,detail_1,11,986.490457523086,4527.288083091702,50.739414452414586,56.260041941280875,pyroxene,50
861,Dragons_Egg_Lake,detail_1,11,1011.6510029107508,101817.22172135123,30.0,1265.2698611739495,sulf1_v1,51
861,Dragons_Egg_Lake,detail_1,11,1072.9141628472114,2234.596255530908,85.26285941194351,27.769047772224923,lo-carb,52
861,Dragons_Egg_Lake,detail_1,11,1123.5035425024637,8010.513973825354,37.39686235720616,99.5456537925604,sulf_v3,53
861,Dragons_Egg_Lake,detail_1,11,1159.2967217323744,12673.088692301191,55.63372014769579,157.4868858063777,unidentified,54
861,Dragons_Egg_Lake,detail_1,12,706.1813316231971,370.82058856991546,30.0,4.304505463813916,unidentified,55
861,Dragons_Egg_Lake,detail_1,12,987.2406029021566,1657.265622604696,45.70925511979328,19.23762905130031,pyroxene,56
861,Dragons_Egg_Lake,detail_1,12,1016.6576073922422,32592.62340472253,30.0,378.3369366482893,sulf1_v1,57
861,Dragons_Egg_Lake,detail_1,12,1064.8046820761094,709.8076176150985,30.0,8.239485245584909,lo-carb,58
861,Dragons_Egg_Lake,detail_1,12,1147.0989408130397,4834.544620933257,74.01354344772139,56.11965564294915,unidentified,59
861,Dragons_Egg_Lake,detail_1,13,969.3924531440484,686.6014434216981,69.99999961050204,4.729069636890907,phosphate,60
861,Dragons_Egg_Lake,detail_1,13,1009.7118761454008,13433.570325684494,30.0,92.52571510138134,sulf1_v1,61
861,Dragons_Egg_Lake,detail_1,13,1075.895447324086,920.273123921279,64.82976318159332,6.338518116557355,hi-carb,62
861,Dragons_Egg_Lake,detail_1,13,1120.0217905156455,633.8118943375168,30.0,4.365473760256788,sulf_v3,63
861,Dragons_Egg_Lake,detail_1,13,1141.517634117062,1983.0408527057612,64.69158684971813,13.658489033331833,unidentified,64
861,Dragons_Egg_Lake,detail_1,14,713.2581508178862,1047.7097456086133,39.999999947879694,7.901389440398127,unidentified,65
861,Dragons_Egg_Lake,detail_1,14,960.0118835746218,1537.0491311974667,43.322578928466534,11.59178276762317,phosphate,66
861,Dragons_Egg_Lake,detail_1,14,1016.3352981244,5489.381456284522,34.48874134734508,41.39862290562933,sulf1_v1,67
861,Dragons_Egg_Lake,detail_1,14,1116.9227498229136,542.4383558049096,90.0,4.090843589637599,unidentified,68
861,Dragons_Egg_Lake,detail_1,14,1168.9601996556578,704.1680339893163,38.00532390403933,5.310541293855224,unidentified,69
861,Dragons_Egg_Lake,detail_1,15,702.4137563484064,712.5986755863393,69.99997059067265,5.165468077785213,unidentified,70
861,Dragons_Egg_Lake,detail_1,15,981.9771464363696,2652.761958267467,52.32270086305539,19.2292768466328,pyroxene,71
861,Dragons_Egg_Lake,detail_1,15,1012.3472704217644,44692.09831690232,30.0,323.9630034328157,sulf1_v1,72
861,Dragons_Egg_Lake,detail_1,15,1063.3463232272984,998.2183000943268,30.0,7.235860717192039,lo-carb,73
861,Dragons_Egg_Lake,detail_1,15,1142.7547323845708,6638.873544180603,77.77823203543889,48.123706287695335,unidentified,74
861,Dragons_Egg_Lake,detail_1,16,708.8947648008086,1055.7485576578215,90.0,6.337996515169648,unidentified,75
861,Dragons_Egg_Lake,detail_1,16,985.2004639030284,2094.746122543129,66.17492371188703,12.575431459075242,pyroxene,76
861,Dragons_Egg_Lake,detail_1,16,1017.9658031386676,21745.723306515403,30.0,130.5465373708881,sulf1_v1,77
861,Dragons_Egg_Lake,detail_1,16,1065.4681687408397,884.6890865244615,30.0,5.3110717573132495,lo-carb,78
861,Dragons_Egg_Lake,detail_1,16,1143.0937411191112,3568.015107966931,75.30870141707767,21.419936741885184,unidentified,79
861,Dragons_Egg_Lake,detail_1,17,990.7453312927591,4289.346846769008,61.546563624197574,16.16580611270378,pyroxene,80
861,Dragons_Egg_Lake,detail_1,17,1013.1811745422852,72938.40027383604,30.0,274.89221066041523,sulf1_v1,81
861,Dragons_Egg_Lake,detail_1,17,1066.0821765643543,1573.7287469344533,41.66165098301812,5.931111356987608,lo-carb,82
861,Dragons_Egg_Lake,detail_1,17,1129.44600812562,1304.35946416572,30.0,4.91590513713212,sulf_v3,83
861,Dragons_Egg_Lake,detail_1,17,1143.8873123435487,10890.168200589878,78.79537987063141,41.043159705790245,unidentified,84
861,Dragons_Egg_Lake,detail_1,18,986.8011604901274,988.4323918856544,30.0,8.876457620083487,pyroxene,85
861,Dragons_Egg_Lake,detail_1,18,1020.6093912644276,12304.264505452064,30.0,110.49646220171375,sulf2_v1,86
861,Dragons_Egg_Lake,detail_1,18,1077.0705946715334,472.43606591176433,30.0,4.242635866338414,hi-carb,87
861,Dragons_Egg_Lake,detail_1,18,1150.7639107936498,2006.667082538342,71.59464079566813,18.020549975894287,unidentified,88
861,Dragons_Egg_Lake,detail_1,19,993.254055357354,2092.526089468804,58.63914852384993,18.95774486596341,pyroxene,89
861,Dragons_Egg_Lake,detail_1,19,1013.943858718601,28102.70258497311,30.0,254.60321299277788,sulf1_v1,90
861,Dragons_Egg_Lake,detail_1,19,1071.0997246892878,1093.0458088298176,44.46845565722686,9.90271216922632,lo-carb,91
861,Dragons_Egg_Lake,detail_1,19,1137.069019027033,4312.480982688819,67.25905999525733,39.06996171784294,unidentified,92
861,Dragons_Egg_Lake,detail_1,19,1176.4922886149643,1284.6736367151918,31.96567974689738,11.638810700352346,unidentified,93
861,Dragons_Egg_Lake,detail_1,20,993.9603905174952,3894.976686969446,30.0,31.341987909572804,pyroxene,94
861,Dragons_Egg_Lake,detail_1,20,1015.4480350433042,26245.63936243292,30.0,211.1926662689248,sulf1_v1,95
861,Dragons_Egg_Lake,detail_1,20,1050.4995096292846,797.6927189624593,30.0,6.418851141501524,1050,96
861,Dragons_Egg_Lake,detail_1,20,1074.965202551029,446.04312239514786,39.9998165501032,3.589207143659212,lo-carb,97
861,Dragons_Egg_Lake,detail_1,20,1146.289742136184,4020.059025571911,79.20203023915077,32.34849692342517,unidentified,98
861,Dragons_Egg_Lake,detail_1,21,999.9858835956088,13534.1284309892,42.87277950437552,107.92921330929178,pyroxene,99
861,Dragons_Egg_Lake,detail_1,21,1014.05605576313,82610.53855276565,30.37571253128964,658.785712173506,sulf1_v1,100
861,Dragons_Egg_Lake,detail_1,21,1060.7783705026725,2157.2226864185336,30.0,17.202980499653215,lo-carb,101
861,Dragons_Egg_Lake,detail_1,21,1145.6418115179806,13541.228295684912,77.93425709251389,107.98583186549344,unidentified,102
861,Dragons_Egg_Lake,detail_1,22,980.6218086035174,3275.380864032726,53.223918842674635,18.816903323220675,pyroxene,103
861,Dragons_Egg_Lake,detail_1,22,1011.3336840654345,86934.11545192133,30.0,499.4322534859152,sulf1_v1,104
861,Dragons_Egg_Lake,detail_1,22,1069.0892316806626,2191.395854290076,41.62996718153158,12.58946230830484,lo-carb,105
861,Dragons_Egg_Lake,detail_1,22,1126.4900113948818,10600.661823205652,45.13083451258069,60.90028517899528,sulf_v3,106
861,Dragons_Egg_Lake,detail_1,22,1164.9120810018703,8671.646588825559,48.99651467225832,49.81818673574462,unidentified,107
861,Dragons_Egg_Lake,detail_1,23,995.3096388387992,9338.382542669327,45.101965878585986,55.34881034251449,pyroxene,108
861,Dragons_Egg_Lake,detail_1,23,1014.3477858518288,85311.6204429831,30.0,505.6439568989347,sulf1_v1,109
861,Dragons_Egg_Lake,detail_1,23,1060.2622847518708,2553.1000749547725,30.0,15.132283475050082,lo-carb,110
861,Dragons_Egg_Lake,detail_1,23,1127.3902888238683,2275.866255535122,30.0,13.48911218478904,sulf_v3,111
861,Dragons_Egg_Lake,detail_1,23,1144.8543801342971,13269.050638579602,76.02677576837047,78.64597149069364,unidentified,112
861,Dragons_Egg_Lake,detail_1,24,717.9996411270379,464.7471726685134,90.0,3.0569941797434503,unidentified,113
861,Dragons_Egg_Lake,detail_1,24,990.4107618728568,1223.291263409223,90.0,8.04651322761315,pyroxene,114
861,Dragons_Egg_Lake,detail_1,24,1012.5150341720476,23442.125726677114,32.47814863300235,154.19661726136042,sulf1_v1,115
861,Dragons_Egg_Lake,detail_1,24,1093.3830637029212,2230.25264995473,83.71282045530424,14.67006099493142,hi-carb,116
861,Dragons_Egg_Lake,detail_1,24,1148.6431066052903,3370.9977026979063,67.75925231425613,22.17360526994813,unidentified,117
861,Dragons_Egg_Lake,detail_1,25,990.5511487408318,1238.2226722152172,69.60947628451746,5.330722268533112,pyroxene,118
861,Dragons_Egg_Lake,detail_1,25,1011.4591268542752,18114.863697565397,30.0,77.9870288849547,sulf1_v1,119
861,Dragons_Egg_Lake,detail_1,25,1084.0755183327024,1489.3809298782096,68.27964322561303,6.411993793512411,hi-carb,120
861,Dragons_Egg_Lake,detail_1,25,1146.9561308682294,2748.6544561933756,74.23878624910637,11.83334294139468,unidentified,121
861,Dragons_Egg_Lake,detail_1,26,715.8588407493396,452.31049551842216,90.0,2.565287316073663,unidentified,122
861,Dragons_Egg_Lake,detail_1,26,988.4921843041805,2012.589754073736,30.0,11.414439902986704,pyroxene,123
861,Dragons_Egg_Lake,detail_1,26,1017.9244470418324,24614.920552368934,30.0,139.6039758192636,sulf1_v1,124
861,Dragons_Egg_Lake,detail_1,26,1090.358400786029,2784.6156168361326,61.46220746878805,15.792998820031643,hi-carb,125
861,Dragons_Egg_Lake,detail_1,26,1151.8508139730543,3478.0062745670843,70.0032088895283,19.725576721684025,unidentified,126
861,Dragons_Egg_Lake,detail_1,27,959.6732178995148,1489.8618205746357,39.0579788478009,15.49780261577614,phosphate,127
861,Dragons_Egg_Lake,detail_1,27,1010.2551120015626,44680.740876120915,33.2728341109263,464.77686270105585,sulf1_v1,128
861,Dragons_Egg_Lake,detail_1,27,1034.1423218882985,3161.9323603719167,52.36889812065522,32.89097212154802,sulf2_v1,129
861,Dragons_Egg_Lake,detail_1,27,1125.983127294977,6678.3346716905335,90.0,69.46920252244234,sulf_v3,130
861,Dragons_Egg_Lake,detail_1,27,1162.256423584734,1793.3106433407063,47.058315447755874,18.654330217379048,unidentified,131
861,Dragons_Egg_Lake,detail_1,28,991.5530670225688,3368.450704468443,53.09378332067958,29.46035290337286,pyroxene,132
861,Dragons_Egg_Lake,detail_1,28,1013.0885167209336,55036.54746923839,30.0,481.3477332104402,sulf1_v1,133
861,Dragons_Egg_Lake,detail_1,28,1059.4300001299137,933.5491954265036,30.0,8.164788848903354,lo-carb,134
861,Dragons_Egg_Lake,detail_1,28,1124.1820404574432,765.0593530897938,30.0,6.691182538058908,sulf_v3,135
861,Dragons_Egg_Lake,detail_1,28,1146.0663850574958,7915.917900105492,79.39859281937797,69.2323431011988,unidentified,136
861,Dragons_Egg_Lake,detail_1,29,972.872380091102,556.7790947679199,30.0,3.951476670260639,phosphate,137
861,Dragons_Egg_Lake,detail_1,29,1015.8877621450372,9148.122077463608,30.0,64.92447598245658,sulf1_v1,138
861,Dragons_Egg_Lake,detail_1,29,1146.167671713068,1232.0979092168416,85.36812026504676,8.744233017183634,unidentified,139
861,Dragons_Egg_Lake,detail_1,30,972.2915253527972,804.7494604505695,30.0,5.235604273102977,phosphate,140
861,Dragons_Egg_Lake,detail_1,30,994.7743041712636,2884.5823451315027,30.0,18.7667496463212,pyroxene,141
861,Dragons_Egg_Lake,detail_1,30,1018.8940013741262,34063.16617967706,30.0,221.6109077052166,sulf1_v1,142
861,Dragons_Egg_Lake,detail_1,30,1149.6735873586651,4813.580812503917,82.40516943958266,31.316584240717237,unidentified,143
861,Dragons_Egg_Lake,detail_1,31,974.6018028868458,2072.326729608578,30.531286985731963,14.178487937565391,phosphate,144
861,Dragons_Egg_Lake,detail_1,31,1009.4830324145008,65278.48226531585,30.0,446.6236719130558,sulf1_v1,145
861,Dragons_Egg_Lake,detail_1,31,1059.766389812461,908.8867585481358,30.0,6.218440248136784,lo-carb,146
861,Dragons_Egg_Lake,detail_1,31,1141.9064963825854,9257.98504970486,74.85072884219169,63.34147385059999,unidentified,147
861,Dragons_Egg_Lake,detail_1,32,712.6930054784184,583.2466978213657,90.0,4.073622832167369,unidentified,148
861,Dragons_Egg_Lake,detail_1,32,989.449623236311,3494.8531071503576,30.0,24.40941965987629,pyroxene,149
861,Dragons_Egg_Lake,detail_1,32,1021.101169190025,42155.39802610136,30.0,294.42977138093454,sulf2_v1,150
861,Dragons_Egg_Lake,detail_1,32,1080.1702666052024,2124.6004967400363,34.91140029802172,14.83904002385815,hi-carb,151
861,Dragons_Egg_Lake,detail_1,32,1147.515261547246,6433.7720635329815,76.70367415039149,44.93597798816107,unidentified,152
861,Dragons_Egg_Lake,detail_1,33,990.9988448019948,3264.780276105594,50.713225449720674,14.22998906829956,pyroxene,153
861,Dragons_Egg_Lake,detail_1,33,1012.9678967397352,51881.16111816142,30.0,226.13110014336752,sulf1_v1,154
861,Dragons_Egg_Lake,detail_1,33,1097.7984048870153,5158.629721837282,64.84957398697985,22.484589571434753,hi-carb,155
861,Dragons_Egg_Lake,detail_1,33,1145.1779177176195,2848.3118905370648,64.98166580185742,12.414754941425391,unidentified,156
861,Dragons_Egg_Lake,detail_1,33,1155.0791764857756,3801.7198417182553,65.61138330100842,16.57031322577084,unidentified,157
861,Dragons_Egg_Lake,detail_1,34,995.6345957892322,4308.718034907486,61.750312347124435,23.891200421501154,pyroxene,158
861,Dragons_Egg_Lake,detail_1,34,1012.3661489641704,78079.84780191872,31.69966745256426,432.9411387802728,sulf1_v1,159
861,Dragons_Egg_Lake,detail_1,34,1092.4985129032227,3920.9877540256416,75.04429241343998,21.74129370331137,hi-carb,160
861,Dragons_Egg_Lake,detail_1,34,1094.107713627148,2020.228912998748,30.0,11.201868738389336,hi-carb,161
861,Dragons_Egg_Lake,detail_1,34,1145.4254137472728,11184.46809848162,78.88443826599388,62.01621150046956,unidentified,162
861,Dragons_Egg_Lake,detail_1,35,952.7741025075276,530.6649443946568,50.39635467477935,4.124087466300815,phosphate,163
861,Dragons_Egg_Lake,detail_1,35,992.3780431778348,2713.5401697688644,30.0,21.08840450392532,pyroxene,164
861,Dragons_Egg_Lake,detail_1,35,1019.7951376571116,29520.158076116593,30.0,229.41729091189055,sulf1_v1,165
861,Dragons_Egg_Lake,detail_1,35,1085.205687372489,3302.540794653882,41.404290489065126,25.66585044300572,hi-carb,166
861,Dragons_Egg_Lake,detail_1,35,1146.0058884108037,4393.736499879188,83.15634172287206,34.14612896665013,unidentified,167
861,Dragons_Egg_Lake,detail_1,36,974.168897608388,2591.285309448659,30.0,22.75145135278585,phosphate,168
861,Dragons_Egg_Lake,detail_1,36,1009.8691611898896,54928.56904752537,30.0,482.27212264357274,sulf1_v1,169
861,Dragons_Egg_Lake,detail_1,36,1054.028304918948,1826.6106947115368,30.0,16.037618169513756,1050,170
861,Dragons_Egg_Lake,detail_1,36,1116.3772672617376,1496.283589598151,30.0,13.137350477997838,unidentified,171
861,Dragons_Egg_Lake,detail_1,36,1135.7469805601595,8116.383860718757,80.32711675989833,71.26174485470631,unidentified,172
861,Dragons_Egg_Lake,detail_1,37,700.0,760.3683053806942,74.10331903054416,6.930536451125904,unidentified,173
861,Dragons_Egg_Lake,detail_1,37,999.2218611605142,2886.1662557128807,90.0,26.30656787990779,pyroxene,174
861,Dragons_Egg_Lake,detail_1,37,1011.0798445310588,50055.987864289345,33.12337813570922,456.2458035607929,sulf1_v1,175
861,Dragons_Egg_Lake,detail_1,37,1142.234787069066,8174.126164650928,80.55964269618823,74.50478792885995,unidentified,176
861,Dragons_Egg_Lake,detail_1,38,961.2689957162344,1191.1331654113908,43.5834200035231,15.144587274375594,phosphate,177
861,Dragons_Egg_Lake,detail_1,38,996.0503461095616,8750.769964047766,30.0,111.26111108889674,pyroxene,178
861,Dragons_Egg_Lake,detail_1,38,1016.276406783412,51992.833392476176,30.251927724942306,661.0595908329623,sulf1_v1,179
861,Dragons_Egg_Lake,detail_1,38,1063.7197447655876,1176.2666060918982,35.910148727237136,14.955567346443374,lo-carb,180
861,Dragons_Egg_Lake,detail_1,38,1145.9266810608317,8400.26236050285,77.40688534735325,106.8046043385496,unidentified,181
861,Dragons_Egg_Lake,detail_1,39,992.1384660635414,2213.049427265815,30.0,15.489678024730248,pyroxene,182
861,Dragons_Egg_Lake,detail_1,39,1005.4808922327636,1675.449316132273,85.77960260878474,11.726882433758767,pyroxene,183
861,Dragons_Egg_Lake,detail_1,39,1013.993542372442,36632.51147035849,30.0,256.39997052128,sulf1_v1,184
861,Dragons_Egg_Lake,detail_1,39,1140.4802721383255,5316.5769028984705,73.67354584940956,37.212031238434385,unidentified,185
861,Dragons_Egg_Lake,detail_1,39,1172.1420435053674,1007.9263665574867,33.48503539670375,7.054724896000462,unidentified,186
861,Dragons_Egg_Lake,detail_1,40,994.639943274491,3960.7328284389887,48.64031335205579,31.019666208701516,pyroxene,187
861,Dragons_Egg_Lake,detail_1,40,1011.1490975995836,48053.97160553101,30.0,376.3490807819718,sulf1_v1,188
861,Dragons_Egg_Lake,detail_1,40,1054.421299371288,1363.702492345153,34.46114792917074,10.680244781164136,1050,189
861,Dragons_Egg_Lake,detail_1,40,1119.5024573544722,947.7516058520674,41.764693870877814,7.42260074984122,unidentified,190
861,Dragons_Egg_Lake,detail_1,40,1142.076183745381,6890.540107494083,82.80436685010811,53.96533000090723,unidentified,191
861,Dragons_Egg_Lake,detail_1,41,992.0238375691396,3325.173313540767,48.1819600248049,42.66062552685588,pyroxene,192
861,Dragons_Egg_Lake,detail_1,41,992.159866755767,1951.451588079506,30.0,25.036332721015437,pyroxene,193
861,Dragons_Egg_Lake,detail_1,41,1014.3229075585156,46000.92069115429,30.0,590.1731628557623,sulf1_v1,194
861,Dragons_Egg_Lake,detail_1,41,1065.2761126297412,1096.754039210374,30.0,14.070909678990104,lo-carb,195
861,Dragons_Egg_Lake,detail_1,41,1143.548021279712,7043.0981518446015,77.48492740851175,90.36009388779476,unidentified,196
861,Dragons_Egg_Lake,detail_1,42,700.0,526.7351633467014,46.641932027643584,6.472400256917081,unidentified,197
861,Dragons_Egg_Lake,detail_1,42,977.88537358756,940.8011218880358,52.702834905115765,11.560347299251813,phosphate,198
861,Dragons_Egg_Lake,detail_1,42,1012.8021587686436,14716.18835164114,31.339579470190948,180.82912988535105,sulf1_v1,199
861,Dragons_Egg_Lake,detail_1,42,1072.9498961022082,455.26411548154374,79.20518697901451,5.594180497246129,lo-carb,200
861,Dragons_Egg_Lake,detail_1,42,1147.9942128982382,2354.5715545290045,71.46588929584227,28.93243245359768,unidentified,201
861,Dragons_Egg_Lake,detail_1,43,700.0,591.8607398578887,70.0000002045617,4.232887712246809,unidentified,202
861,Dragons_Egg_Lake,detail_1,43,1000.5162085957436,2807.6587969434613,63.0161930163003,20.07989991804021,pyroxene,203
861,Dragons_Egg_Lake,detail_1,43,1012.9055907500292,24984.74486067722,30.839926736369968,178.68666122334048,sulf1_v1,204
861,Dragons_Egg_Lake,detail_1,43,1116.1082013104383,3526.0877801964475,82.23385507319536,25.2179822582605,unidentified,205
861,Dragons_Egg_Lake,detail_1,43,1162.643962027341,2332.956209019467,54.40670977758247,16.68490745431014,unidentified,206
861,Dragons_Egg_Lake,detail_1,44,941.7741805830552,693.3641060820343,43.47470072885023,5.426646803764098,unidentified,207
861,Dragons_Egg_Lake,detail_1,44,995.0937113474904,4396.517367354657,30.0,34.4095500617474,pyroxene,208
861,Dragons_Egg_Lake,detail_1,44,1015.8763199751688,38476.330142449064,30.0,301.1368084337926,sulf1_v1,209
861,Dragons_Egg_Lake,detail_1,44,1081.4219714141575,4128.902077927409,40.32537180066936,32.31504640591934,hi-carb,210
861,Dragons_Egg_Lake,detail_1,44,1143.7787378854157,6217.683431367912,78.55577963554784,48.66299196003901,unidentified,211
861,Dragons_Egg_Lake,detail_1,45,990.6196750513848,4127.445851493763,30.1957267537987,30.638916111383487,pyroxene,212
861,Dragons_Egg_Lake,detail_1,45,1019.0114764946484,36834.205207116254,30.0,273.42820814036423,sulf1_v1,213
861,Dragons_Egg_Lake,detail_1,45,1076.4974475186475,1355.565137100448,35.830821647477784,10.06265085321603,hi-carb,214
861,Dragons_Egg_Lake,detail_1,45,1119.7651635237737,1350.6436651125755,33.258196270026055,10.026117710733647,unidentified,215
861,Dragons_Egg_Lake,detail_1,45,1156.1528415064192,5630.271668856651,61.318968276146094,41.79471458940318,unidentified,216
861,Dragons_Egg_Lake,detail_1,46,998.7282032997316,26240.406647742664,30.0,152.98682420664198,pyroxene,217
861,Dragons_Egg_Lake,detail_1,46,1002.784264362622,3344.171992062829,90.0,19.497192232365933,pyroxene,218
861,Dragons_Egg_Lake,detail_1,46,1016.6822920757544,124630.21204071544,30.0,726.6190877400015,sulf1_v1,219
861,Dragons_Egg_Lake,detail_1,46,1128.8478602823204,1964.5125205093236,30.0,11.453501299026607,sulf_v3,220
861,Dragons_Egg_Lake,detail_1,46,1148.6887398885494,20047.55261939897,81.51356839820212,116.88124538349086,unidentified,221
861,Dragons_Egg_Lake,detail_1,47,700.0,653.0746964159755,51.119992983055944,3.1629985120507773,unidentified,222
861,Dragons_Egg_Lake,detail_1,47,989.567588237656,2100.9823207895847,64.83031205143148,10.175564894753876,pyroxene,223
861,Dragons_Egg_Lake,detail_1,47,1009.2734788843304,51891.80175068663,31.5500659416594,251.32453090865255,sulf1_v1,224
861,Dragons_Egg_Lake,detail_1,47,1038.5092439761102,1677.8116279625642,61.19145892052209,8.126047007901292,sulf2_v1,225
861,Dragons_Egg_Lake,detail_1,47,1138.5670592110223,8332.052119162576,79.25833074540803,40.354141111071954,unidentified,226
861,Dragons_Egg_Lake,detail_1,48,999.3105737306016,10464.91930269957,36.78875588195966,49.3015201077469,pyroxene,227
861,Dragons_Egg_Lake,detail_1,48,1013.6131220384312,55732.71965688255,30.058665681382056,262.5636872435707,sulf1_v1,228
861,Dragons_Egg_Lake,detail_1,48,1064.7170260895173,2253.1376205811794,47.90876551530063,10.614808054749988,lo-carb,229
861,Dragons_Egg_Lake,detail_1,48,1122.975081971837,6616.815920713227,44.032911499217214,31.172632461690387,sulf_v3,230
861,Dragons_Egg_Lake,detail_1,48,1161.481815150691,7145.288779065356,55.881343638552,33.66233300297644,unidentified,231
861,Dragons_Egg_Lake,detail_1,49,957.5198644894406,501.8374228918877,30.0,4.561198471640952,phosphate,232
861,Dragons_Egg_Lake,detail_1,49,995.8547705535772,3941.618861621463,30.0,35.82535918468585,pyroxene,233
861,Dragons_Egg_Lake,detail_1,49,1016.4819121797772,18567.227757538894,30.0,168.75746408521758,sulf1_v1,234
861,Dragons_Egg_Lake,detail_1,49,1066.973119783968,543.1705653446976,44.17385977767648,4.936875249784478,lo-carb,235
861,Dragons_Egg_Lake,detail_1,49,1147.1437665451876,3179.4300272663513,80.58306963856067,28.897827701822955,unidentified,236
861,Dragons_Egg_Lake,detail_1,50,989.7789014884572,6038.834088132577,36.96247179805336,57.37319361808224,pyroxene,237
861,Dragons_Egg_Lake,detail_1,50,1011.83784792481,69077.07365993525,30.00207764874959,656.2810409794763,sulf1_v1,238
861,Dragons_Egg_Lake,detail_1,50,1057.543308175703,1777.913278935334,30.0,16.891433230294265,lo-carb,239
861,Dragons_Egg_Lake,detail_1,50,1120.4775652855894,1436.6198946179898,30.0,13.64890476648202,sulf_v3,240
861,Dragons_Egg_Lake,detail_1,50,1143.2455078129249,10074.870721770909,72.9865613575998,95.71839533284096,unidentified,241
861,Dragons_Egg_Lake,detail_1,51,995.6535036358632,7460.237931404071,47.645814530468215,39.640921237372,pyroxene,242
861,Dragons_Egg_Lake,detail_1,51,1011.6248859669324,98593.71005821077,31.803871929203027,523.8901936981848,sulf1_v1,243
861,Dragons_Egg_Lake,detail_1,51,1068.747430542482,2468.7503647101616,78.51832754725665,13.118018441509715,lo-carb,244
861,Dragons_Egg_Lake,detail_1,51,1124.3220734433314,2835.6256472298423,30.969247092168818,15.067456825650384,sulf_v3,245
861,Dragons_Egg_Lake,detail_1,51,1146.7869471959157,14477.198340905794,74.63485306952485,76.92643109328404,unidentified,246
861,Dragons_Egg_Lake,detail_1,52,965.0411440366996,886.9601438713752,77.53249943104416,5.149082502892485,phosphate,247
861,Dragons_Egg_Lake,detail_1,52,998.498230823051,18509.38739353745,30.0,107.45281332634887,pyroxene,248
861,Dragons_Egg_Lake,detail_1,52,1018.565434298652,59018.70410061495,30.0,342.62213328035983,sulf1_v1,249
861,Dragons_Egg_Lake,detail_1,52,1145.557793828699,7400.177695371067,90.0,42.960358199653406,unidentified,250
861,Dragons_Egg_Lake,detail_1,52,1147.752271535291,3060.2486320241123,64.73079246052677,17.765705476774084,unidentified,251
861,Dragons_Egg_Lake,detail_1,53,958.9701036713344,1735.1782459836584,90.0,14.492337473915242,phosphate,252
861,Dragons_Egg_Lake,detail_1,53,994.0194189761884,9894.401058710551,30.0,82.6387718823718,pyroxene,253
861,Dragons_Egg_Lake,detail_1,53,1017.6491622344182,94465.33377556276,30.0,788.9814777417355,sulf1_v1,254
861,Dragons_Egg_Lake,detail_1,53,1148.0646678723317,3188.332796510824,47.51908051917092,26.629192115068708,unidentified,255
861,Dragons_Egg_Lake,detail_1,53,1148.6851088558046,11602.596325688584,90.0,96.90574551328922,unidentified,256
861,Dragons_Egg_Lake,detail_1,54,702.2097840931757,726.7943532310703,76.27733955217039,5.686447429374799,unidentified,257
861,Dragons_Egg_Lake,detail_1,54,972.2167273401012,797.3667250713893,68.28493546778701,6.238606483242236,phosphate,258
861,Dragons_Egg_Lake,detail_1,54,1017.3398531612232,3902.8694273369024,30.0,30.53609555935754,sulf1_v1,259
861,Dragons_Egg_Lake,detail_1,54,1082.006327626123,422.9365546666875,70.00000002931893,3.3090604974862727,hi-carb,260
861,Dragons_Egg_Lake,detail_1,54,1152.30606807975,523.6502140912213,87.67391303307156,4.097045334175681,unidentified,261
861,Dragons_Egg_Lake,detail_1,55,724.8029508027703,661.0818957504821,90.0,6.33240827078344,unidentified,262
861,Dragons_Egg_Lake,detail_1,55,979.010721133784,2061.0480481452782,57.47614333280757,19.74248242230389,phosphate,263
861,Dragons_Egg_Lake,detail_1,55,1010.5112008987973,54606.06007695616,30.0,523.0635851457779,sulf1_v1,264
861,Dragons_Egg_Lake,detail_1,55,1059.3142998759756,1002.4431117761628,30.0,9.602258196459818,lo-carb,265
861,Dragons_Egg_Lake,detail_1,55,1138.7691393764878,8279.45598162448,75.79385158720676,79.30771644579264,unidentified,266
861,Dragons_Egg_Lake,detail_1,56,972.9503848221784,757.3619040339802,30.0,4.667703597306475,phosphate,267
861,Dragons_Egg_Lake,detail_1,56,982.8061274437076,2621.745863046766,49.7477055709724,16.158104244463956,pyroxene,268
861,Dragons_Egg_Lake,detail_1,56,1010.9101126433548,58379.58991829168,31.000315583443346,359.7997475440233,sulf1_v1,269
861,Dragons_Egg_Lake,detail_1,56,1058.6579443315377,1125.579306159315,30.0,6.937067402558231,lo-carb,270
861,Dragons_Egg_Lake,detail_1,56,1143.4415729398988,8774.873117507494,78.79113892515976,54.08049520095738,unidentified,271
861,Dragons_Egg_Lake,detail_1,57,961.9657371499412,1737.673980644695,54.48528168767824,8.264847877470276,phosphate,272
861,Dragons_Egg_Lake,detail_1,57,996.9764093843612,7579.011102887769,30.0,36.04782860579278,pyroxene,273
861,Dragons_Egg_Lake,detail_1,57,1018.286739094508,41035.66915211979,30.0,195.17675172107965,sulf1_v1,274
861,Dragons_Egg_Lake,detail_1,57,1070.670445330527,1512.8779049996951,33.49048627532072,7.195656884595467,lo-carb,275
861,Dragons_Egg_Lake,detail_1,57,1143.4169417320877,6780.950254264065,82.55461552035675,32.2520351575922,unidentified,276
861,Dragons_Egg_Lake,detail_1,58,960.4800494756468,708.1219745180915,40.880579086167366,7.110971693003793,phosphate,277
861,Dragons_Egg_Lake,detail_1,58,991.9550766242128,3999.6070532361223,30.0,40.164115169644056,pyroxene,278
861,Dragons_Egg_Lake,detail_1,58,1018.0922778003778,42523.92511756016,30.0,427.0259060837234,sulf1_v1,279
861,Dragons_Egg_Lake,detail_1,58,1071.9712516786165,898.0357445132568,31.66412375627566,9.01808867446212,lo-carb,280
861,Dragons_Egg_Lake,detail_1,58,1146.3995754757111,6197.218970887954,86.36779650954703,62.23256764107729,unidentified,281
861,Dragons_Egg_Lake,detail_1,59,949.7219632006356,762.1729685503359,41.79428379399028,4.511031409036024,unidentified,282
861,Dragons_Egg_Lake,detail_1,59,995.4053734473446,7333.970921387688,30.39043505822723,43.407172052116394,pyroxene,283
861,Dragons_Egg_Lake,detail_1,59,1014.0810874140292,38463.272196017264,30.0,227.65046272967743,sulf1_v1,284
861,Dragons_Egg_Lake,detail_1,59,1053.5519875078826,1410.0155955972498,30.0,8.345382087044927,1050,285
861,Dragons_Egg_Lake,detail_1,59,1139.78334049213,6425.067226805398,87.00121016040431,38.02769353053089,unidentified,286
861,Dragons_Egg_Lake,detail_1,60,994.8171840143672,7970.983237469378,46.40757950481365,73.84238437261413,pyroxene,287
861,Dragons_Egg_Lake,detail_1,60,1013.417570288956,68697.69947639348,31.284817246010668,636.4085557731884,sulf1_v1,288
861,Dragons_Egg_Lake,detail_1,60,1068.6435927875896,1485.4581785293392,60.24646403047984,13.761134670662155,lo-carb,289
861,Dragons_Egg_Lake,detail_1,60,1124.593604637948,2078.028971726917,30.0,19.250650703463688,sulf_v3,290
861,Dragons_Egg_Lake,detail_1,60,1147.091279075719,10297.587839065103,76.85728112664727,95.39581462780912,unidentified,291
861,Dragons_Egg_Lake,detail_1,61,957.734081155186,1710.3535552092226,48.11409521088648,6.2750626150227875,phosphate,292
861,Dragons_Egg_Lake,detail_1,61,994.0212865411524,12488.784730857082,30.0,45.81971132984968,pyroxene,293
861,Dragons_Egg_Lake,detail_1,61,1013.3434967160968,94811.0987601482,30.0,347.84947212055306,sulf1_v1,294
861,Dragons_Egg_Lake,detail_1,61,1058.7683630760832,2428.2119616702453,30.0,8.908790849482685,lo-carb,295
861,Dragons_Egg_Lake,detail_1,61,1140.1242538444085,15623.733157830564,79.15940539169594,57.32142547205776,unidentified,296
861,Dragons_Egg_Lake,detail_1,62,959.1959434315288,2031.7051600150417,31.21236673932205,14.701612029904233,phosphate,297
861,Dragons_Egg_Lake,detail_1,62,996.4055160965662,16335.783669876222,30.0,118.20728639444287,pyroxene,298
861,Dragons_Egg_Lake,detail_1,62,1016.0299268720296,83021.85220993348,30.0,600.7540292831924,sulf1_v1,299
861,Dragons_Egg_Lake,detail_1,62,1065.287025282298,2285.593439677324,36.652003039103754,16.538771800915036,lo-carb,300
861,Dragons_Egg_Lake,detail_1,62,1144.1938978751268,13781.954979909016,78.03320020409082,99.72753877670364,unidentified,301
861,Dragons_Egg_Lake,detail_1,63,988.1983441718484,2931.8459910010492,53.60105630900648,17.83432211506796,pyroxene,302
861,Dragons_Egg_Lake,detail_1,63,1015.2332784777576,40655.71314172403,35.59089317786027,247.30735728029873,sulf1_v1,303
861,Dragons_Egg_Lake,detail_1,63,1088.3383582677154,3103.7842659010507,40.16364022795787,18.880216949887963,hi-carb,304
861,Dragons_Egg_Lake,detail_1,63,1132.9474035915273,7351.231864337591,67.80944995652406,44.71730009473791,sulf_v3,305
861,Dragons_Egg_Lake,detail_1,63,1175.2734961366257,2351.101932035821,34.686542568426056,14.301675227820809,unidentified,306
861,Dragons_Egg_Lake,detail_1,64,990.1160926750266,4391.399385385914,48.582328862782106,21.092468686509903,pyroxene,307
861,Dragons_Egg_Lake,detail_1,64,1010.1377683489932,85477.1177374352,31.238806774899228,410.5578361398646,sulf1_v1,308
861,Dragons_Egg_Lake,detail_1,64,1053.542119030218,1758.7705443690195,36.95138687291046,8.447606190708493,1050,309
861,Dragons_Egg_Lake,detail_1,64,1133.5158234547664,13754.382532052769,72.28905423866463,66.06410790716699,sulf_v3,310
861,Dragons_Egg_Lake,detail_1,64,1174.8225814845357,2658.1035011191075,35.15170993576374,12.767220638013107,unidentified,311
861,Dragons_Egg_Lake,detail_1,65,753.5477511400684,359.83925133291655,90.0,2.855327661369058,unidentified,312
861,Dragons_Egg_Lake,detail_1,65,1006.7218220857224,765.5388659342215,90.0,6.07455771336285,pyroxene,313
861,Dragons_Egg_Lake,detail_1,65,1014.8011160581356,13521.311771704131,34.123636931324334,107.2917292283456,sulf1_v1,314
861,Dragons_Egg_Lake,detail_1,65,1081.6452292149163,1580.1412316259652,40.00000001903478,12.538434733894936,hi-carb,315
861,Dragons_Egg_Lake,detail_1,65,1131.4390469973268,2712.895741434433,90.0,21.52685184908139,sulf_v3,316
861,Dragons_Egg_Lake,detail_1,66,820.0737167268949,454.9549306429398,43.09900183234602,2.445030075461908,olivine,317
861,Dragons_Egg_Lake,detail_1,66,954.3230725693666,1055.9842123749363,30.0,5.67509655257704,phosphate,318
861,Dragons_Egg_Lake,detail_1,66,991.515736161086,4535.626997092821,30.0,24.375479134377024,pyroxene,319
861,Dragons_Egg_Lake,detail_1,66,1014.7167060537408,37010.24983085502,30.0,198.9014028464707,sulf1_v1,320
861,Dragons_Egg_Lake,detail_1,66,1144.0146760673542,5772.491421990538,77.69619776933652,31.02266661264014,unidentified,321
861,Dragons_Egg_Lake,detail_1,67,713.4537762982363,610.6423019829172,90.0,3.2198808240684262,unidentified,322
861,Dragons_Egg_Lake,detail_1,67,947.8932918667834,546.3176164053042,90.0,2.8807005528474177,unidentified,323
861,Dragons_Egg_Lake,detail_1,67,1012.5232735839824,18909.175790907368,36.55083729444556,99.70696810615787,sulf1_v1,324
861,Dragons_Egg_Lake,detail_1,67,1067.7623500549148,1204.6977957797108,90.0,6.352300387366722,lo-carb,325
861,Dragons_Egg_Lake,detail_1,67,1142.0405802648118,3466.2310365739067,74.87230377385322,18.277231711941525,unidentified,326
861,Dragons_Egg_Lake,detail_1,68,709.0718060033099,348.98465334569187,90.0,2.0388886395148846,unidentified,327
861,Dragons_Egg_Lake,detail_1,68,1002.0389392606504,7321.697656042355,30.0,42.775881488634525,pyroxene,328
861,Dragons_Egg_Lake,detail_1,68,1003.6605852643472,1263.6454201367162,90.0,7.382652121781532,pyroxene,329
861,Dragons_Egg_Lake,detail_1,68,1017.8469612201252,16925.266210913498,30.0,98.88323932689823,sulf1_v1,330
861,Dragons_Egg_Lake,detail_1,68,1138.511941406873,3750.088835239189,83.49388158496265,21.90931162742826,unidentified,331
861,Dragons_Egg_Lake,detail_1,69,992.5315294826448,2026.1141548730648,30.39266208962657,17.36003887796634,pyroxene,332
861,Dragons_Egg_Lake,detail_1,69,997.7264962334104,997.940455211612,88.09745887631517,8.55049803521775,pyroxene,333
861,Dragons_Egg_Lake,detail_1,69,1012.1587004358148,27481.363946260077,30.00962100321143,235.4642976947694,sulf1_v1,334
861,Dragons_Egg_Lake,detail_1,69,1101.2693537297584,1416.9377655252702,89.87809583300505,12.140527540373707,hi-carb,335
861,Dragons_Egg_Lake,detail_1,69,1143.586204341783,3804.943411806522,69.88002023611584,32.60130501460386,unidentified,336
861,Dragons_Egg_Lake,detail_1,70,700.0,1182.0861653537806,86.73054570975738,6.263156996026812,unidentified,337
861,Dragons_Egg_Lake,detail_1,70,835.375287933275,522.2921002908316,90.0,2.767308778143968,olivine,338
861,Dragons_Egg_Lake,detail_1,70,968.944976057666,1431.9066277685906,78.23818208087414,7.586803970996432,phosphate,339
861,Dragons_Egg_Lake,detail_1,70,1012.0029210843446,6383.250314688814,33.733248863331866,33.820968418041154,sulf1_v1,340
861,Dragons_Egg_Lake,detail_1,70,1090.7167458982726,4041.024953922458,68.19741556794474,21.410938096634933,hi-carb,341
861,Dragons_Egg_Lake,detail_1,71,984.0735408052292,1825.5401079123449,49.61997133808091,9.78432983294931,pyroxene,342
861,Dragons_Egg_Lake,detail_1,71,1012.00608994281,27784.4215854669,33.63498731297845,148.91589827670757,sulf1_v1,343
861,Dragons_Egg_Lake,detail_1,71,1060.910584298999,1653.9528975290357,30.0,8.8646755047703,lo-carb,344
861,Dragons_Egg_Lake,detail_1,71,1107.7395474304656,3401.867143920012,42.299212952581286,18.232954751156225,unidentified,345
861,Dragons_Egg_Lake,detail_1,71,1147.6703581098188,4102.62356080204,62.133051267825216,21.988792207486,unidentified,346
861,Dragons_Egg_Lake,detail_1,72,952.7328585406534,1125.1378145016397,44.37057277564884,7.401020476981177,phosphate,347
861,Dragons_Egg_Lake,detail_1,72,998.4709361268297,9511.973903612636,30.0,62.56861402203375,pyroxene,348
861,Dragons_Egg_Lake,detail_1,72,1015.0140579997858,42600.15909621531,30.0,280.218694750203,sulf1_v1,349
861,Dragons_Egg_Lake,detail_1,72,1064.9836322397375,1802.9435168737448,75.57938697771245,11.85954441779505,lo-carb,350
861,Dragons_Egg_Lake,detail_1,72,1145.6972691848594,7689.889402940125,71.11675026154195,50.583162527595846,unidentified,351
861,Dragons_Egg_Lake,detail_1,73,700.0,410.36147302314225,90.0,2.7477053954443993,unidentified,352
861,Dragons_Egg_Lake,detail_1,73,995.8413849457188,3770.947508014356,30.0,25.24957505726744,pyroxene,353
861,Dragons_Egg_Lake,detail_1,73,1016.7748184926172,25224.43387835748,30.0,168.8981973721609,sulf1_v1,354
861,Dragons_Egg_Lake,detail_1,73,1018.990017714734,991.9093266110116,90.0,6.641643496505812,sulf1_v1,355
861,Dragons_Egg_Lake,detail_1,73,1146.6672112788533,4052.283455376221,82.0523841162211,27.133349123101983,unidentified,356
861,Dragons_Egg_Lake,detail_1,74,700.0040404130788,694.7208595190839,90.0,4.606546062368485,unidentified,357
861,Dragons_Egg_Lake,detail_1,74,998.2242132510268,2502.7474541203924,65.47019190396935,16.59518534949697,pyroxene,358
861,Dragons_Egg_Lake,detail_1,74,1013.1180741847304,39042.46711465606,30.0,258.8822844281235,sulf1_v1,359
861,Dragons_Egg_Lake,detail_1,74,1119.9269479812142,7646.491852313587,90.0,50.702258972893645,unidentified,360
861,Dragons_Egg_Lake,detail_1,75,961.3008558116808,527.3888939248709,90.0,5.368588014129039,phosphate,361
861,Dragons_Egg_Lake,detail_1,75,1002.0642709748575,14109.903442821806,30.0,143.6326387912943,pyroxene,362
861,Dragons_Egg_Lake,detail_1,75,1019.4184746516426,23292.15404286744,30.0,237.1039292981372,sulf1_v1,363
861,Dragons_Egg_Lake,detail_1,75,1081.2463639828215,1811.0304386070832,43.95534631828875,18.435496875127384,hi-carb,364
861,Dragons_Egg_Lake,detail_1,75,1134.238221504381,5394.879534650168,88.35377979672799,54.91751142472645,sulf_v3,365
861,Dragons_Egg_Lake,detail_1,76,1002.0113323979097,14060.663333458104,37.25510568490089,99.7233109492721,pyroxene,366
861,Dragons_Egg_Lake,detail_1,76,1016.6350955910326,45030.22359544006,30.004552607174755,319.3706358815791,sulf1_v1,367
861,Dragons_Egg_Lake,detail_1,76,1094.2390787696927,2125.464698131089,30.0,15.074564547681115,hi-carb,368
861,Dragons_Egg_Lake,detail_1,76,1114.744340569896,6446.871038894298,88.64806370857887,45.723541629198245,unidentified,369
861,Dragons_Egg_Lake,detail_1,76,1153.7497335313788,4474.864943399112,63.22483561835808,31.737361006625814,unidentified,370
861,Dragons_Egg_Lake,detail_1,77,990.682595073464,8508.951914784195,40.73229920011924,47.17176073444684,pyroxene,371
861,Dragons_Egg_Lake,detail_1,77,1012.4198746105787,94115.28613658868,30.0,521.7544773493717,sulf1_v1,372
861,Dragons_Egg_Lake,detail_1,77,1064.5377607979394,1542.3017833361982,30.0,8.550182376449708,lo-carb,373
861,Dragons_Egg_Lake,detail_1,77,1129.2717840768628,3627.750827699256,73.29488565352544,20.111453885535436,sulf_v3,374
861,Dragons_Egg_Lake,detail_1,77,1149.418440123741,11247.803090969795,74.36382642711729,62.355350166396555,unidentified,375
861,Dragons_Egg_Lake,detail_1,78,964.9605916272128,1494.8132059043185,30.24891309732352,8.564059576224016,phosphate,376
861,Dragons_Egg_Lake,detail_1,78,1000.9382465575044,19598.489321199508,30.0,112.28334716858676,pyroxene,377
861,Dragons_Egg_Lake,detail_1,78,1017.5369186192218,51615.1601484784,30.0,295.7127384223865,sulf1_v1,378
861,Dragons_Egg_Lake,detail_1,78,1058.963677332119,1558.191143673641,30.0,8.927163429421737,lo-carb,379
861,Dragons_Egg_Lake,detail_1,78,1144.5170957898122,9821.16117432843,80.17731897102215,56.26723731930332,unidentified,380
861,Dragons_Egg_Lake,detail_1,79,1002.556117236592,10336.222902310146,38.96856030859205,81.8573371031243,pyroxene,381
861,Dragons_Egg_Lake,detail_1,79,1019.0893209201124,24634.250316991525,30.0,195.0900393247165,sulf1_v1,382
861,Dragons_Egg_Lake,detail_1,79,1073.8151864054505,1508.4383596482749,48.756524760018664,11.946022108077374,lo-carb,383
861,Dragons_Egg_Lake,detail_1,79,1124.1390383994965,1635.7869352392504,30.0,12.95455446852244,sulf_v3,384
861,Dragons_Egg_Lake,detail_1,79,1150.4511251846798,4543.919376199325,75.46790893636619,35.985402372063284,unidentified,385
861,Dragons_Egg_Lake,detail_1,80,929.9655346721884,362.8207582421645,30.0,2.563220983224318,unidentified,386
861,Dragons_Egg_Lake,detail_1,80,1031.4870387268652,349.0383086917947,79.89186329061246,2.4658520673472406,sulf2_v1,387
861,Dragons_Egg_Lake,detail_1,80,1136.1366755414906,386.5444215430656,30.0,2.730821624010232,unidentified,388
861,Dragons_Egg_Lake,detail_1,81,993.1346310178506,3075.5673406624874,30.0,26.93263121075538,pyroxene,389
861,Dragons_Egg_Lake,detail_1,81,1005.2770506207696,1354.3231987825675,90.0,11.859758936419354,pyroxene,390
861,Dragons_Egg_Lake,detail_1,81,1017.1547091888738,40463.45462194374,30.0,354.3369987181624,sulf1_v1,391
861,Dragons_Egg_Lake,detail_1,81,1143.9630313689454,4887.912930848121,90.0,42.80327555060403,unidentified,392
861,Dragons_Egg_Lake,detail_1,81,1154.594836136778,1377.4859841171071,64.16427750862474,12.062594604161449,unidentified,393
861,Dragons_Egg_Lake,detail_1,82,984.5872202708392,590.0743138690551,90.0,4.362258271508887,pyroxene,394
861,Dragons_Egg_Lake,detail_1,82,1011.2384093475396,22532.42548696136,35.569778259273036,166.57606872118,sulf1_v1,395
861,Dragons_Egg_Lake,detail_1,82,1073.7531191649748,812.0579208259865,38.80350576161719,6.003322460929172,lo-carb,396
861,Dragons_Egg_Lake,detail_1,82,1125.984366397912,1303.0889767783106,31.390712685342567,9.63338097229001,sulf_v3,397
861,Dragons_Egg_Lake,detail_1,82,1149.454984178869,3578.370088127356,68.51570091624339,26.45391292005561,unidentified,398
861,Dragons_Egg_Lake,detail_1,83,999.0118907268558,2765.759927767725,30.52320904993777,20.30705115385455,pyroxene,399
861,Dragons_Egg_Lake,detail_1,83,1016.8093866814504,13595.32664416247,30.0,99.82102598441976,sulf1_v1,400
861,Dragons_Egg_Lake,detail_1,83,1071.3648621245943,535.4381383373704,38.91974895338424,3.931349773267373,lo-carb,401
861,Dragons_Egg_Lake,detail_1,83,1130.6922835070725,3191.905823939089,41.545253159586075,23.435944021841696,sulf_v3,402
861,Dragons_Egg_Lake,detail_1,83,1169.7291937198745,1194.097713671355,30.0,8.767428839637677,unidentified,403
861,Dragons_Egg_Lake,detail_1,84,952.4515038015136,1107.409174828023,30.0,6.940140857849981,phosphate,404
861,Dragons_Egg_Lake,detail_1,84,993.6254110881232,4870.179623615007,30.0,30.521448945163325,pyroxene,405
861,Dragons_Egg_Lake,detail_1,84,1018.0921355863028,41726.9642463104,30.0,261.5031697609302,sulf1_v1,406
861,Dragons_Egg_Lake,detail_1,84,1061.1794255072336,1328.495462448963,30.0,8.325690131510948,lo-carb,407
861,Dragons_Egg_Lake,detail_1,84,1142.683038743409,6468.339428927418,83.17492240065752,40.537127354135066,unidentified,408
861,Dragons_Egg_Lake,detail_1,85,700.0,558.3461172093229,90.0,3.993759975782915,unidentified,409
861,Dragons_Egg_Lake,detail_1,85,907.7202870250168,351.67316097112905,30.0,2.5154615596923975,unidentified,410
861,Dragons_Egg_Lake,detail_1,85,1007.2683416769826,2125.961460929435,90.0,15.206660404757232,pyroxene,411
861,Dragons_Egg_Lake,detail_1,85,1012.938839636294,33045.41349515383,31.384071429177872,236.36852792989805,sulf1_v1,412
861,Dragons_Egg_Lake,detail_1,85,1136.174540978653,5236.580576216781,85.03170424850684,37.45641864545523,unidentified,413
861,Dragons_Egg_Lake,detail_1,86,700.0,1718.147556872893,59.84318843367842,11.039990515738412,unidentified,414
861,Dragons_Egg_Lake,detail_1,86,963.199803809676,1736.7491141252287,35.94481984286475,11.159515183350498,phosphate,415
861,Dragons_Egg_Lake,detail_1,86,1010.5821501683552,938.4159709702004,90.0,6.0298100578650695,sulf1_v1,416
861,Dragons_Egg_Lake,detail_1,86,1013.0206822901154,17113.754011445755,30.0,109.96475897501662,sulf1_v1,417
861,Dragons_Egg_Lake,detail_1,86,1139.9609279854485,2497.6589123130498,74.39716362686535,16.048755878494955,unidentified,418
861,Dragons_Egg_Lake,detail_1,87,1004.6766407878432,1607.237987596808,87.55975836843962,8.03721415111016,pyroxene,419
861,Dragons_Egg_Lake,detail_1,87,1014.4129502598367,22459.92587701573,31.4533497358849,112.3139419828846,sulf1_v1,420
861,Dragons_Egg_Lake,detail_1,87,1132.342848974566,1041.632162335209,30.0,5.20882459223716,sulf_v3,421
861,Dragons_Egg_Lake,detail_1,87,1144.6714731738805,3400.412486059214,78.95988552037487,17.004229344672986,unidentified,422
861,Dragons_Egg_Lake,detail_1,88,700.0,893.4392707391553,30.0,7.07591009211488,unidentified,423
861,Dragons_Egg_Lake,detail_1,88,995.3858838527608,5485.838868597929,30.0,43.44705217839153,pyroxene,424
861,Dragons_Egg_Lake,detail_1,88,1014.69887621022,47344.09781331672,30.0,374.95842245905453,sulf1_v1,425
861,Dragons_Egg_Lake,detail_1,88,1024.236185280413,852.7943778304226,90.0,6.754008405738485,sulf2_v1,426
861,Dragons_Egg_Lake,detail_1,88,1141.7597153199658,7774.357049818108,74.01156131736892,61.57178591780648,unidentified,427
861,Dragons_Egg_Lake,detail_1,89,1006.7801440953924,786.3413141234347,90.0,3.5360327992030296,pyroxene,428
861,Dragons_Egg_Lake,detail_1,89,1019.9905516635076,4817.512840711667,30.0,21.66347247610621,sulf1_v1,429
861,Dragons_Egg_Lake,detail_1,89,1086.7453556262708,1012.2492720265524,30.0,4.55189949016645,hi-carb,430
861,Dragons_Egg_Lake,detail_1,89,1132.8828988709274,868.545267400389,74.82080015694628,3.9056889139087554,sulf_v3,431
861,Dragons_Egg_Lake,detail_1,90,910.2802421598716,342.6133701477594,90.0,2.0388996934678003,unidentified,432
861,Dragons_Egg_Lake,detail_1,90,997.5500401410007,858.0203601534063,35.439367513329714,5.10609801523927,pyroxene,433
861,Dragons_Egg_Lake,detail_1,90,1022.6403663900584,10036.3408451427,30.0,59.72648488257964,sulf2_v1,434
861,Dragons_Egg_Lake,detail_1,90,1083.3731980822463,1077.2602235148092,41.904812298488785,6.410799259124484,hi-carb,435
861,Dragons_Egg_Lake,detail_1,90,1148.6119221117597,1491.4138530890175,72.22938431202083,8.87543660828356,unidentified,436
861,Dragons_Egg_Lake,detail_1,91,700.0,836.732587534305,30.0,5.891078688394415,unidentified,437
861,Dragons_Egg_Lake,detail_1,91,991.2421612855392,2962.9678460702658,44.61487851123922,20.860997877254075,pyroxene,438
861,Dragons_Egg_Lake,detail_1,91,1012.4209091498632,57329.06079037124,30.0,403.6295625141735,sulf1_v1,439
861,Dragons_Egg_Lake,detail_1,91,1056.0617327532243,1269.608964824978,30.0,8.938777366512305,lo-carb,440
861,Dragons_Egg_Lake,detail_1,91,1136.5545854369227,9203.076177409652,71.59443219346267,64.79494971765462,unidentified,441
861,Dragons_Egg_Lake,detail_1,92,700.0,953.6544660391596,65.02735489513691,5.425872411901693,unidentified,442
861,Dragons_Egg_Lake,detail_1,92,993.0157863378269,1381.0894595058462,59.98223626017767,7.857788605368188,pyroxene,443
861,Dragons_Egg_Lake,detail_1,92,1021.3371245508674,10473.73412616779,31.422672566149533,59.59091795668636,sulf2_v1,444
861,Dragons_Egg_Lake,detail_1,92,1078.4156345094532,521.1693414873796,30.0,2.9652232046373372,hi-carb,445
861,Dragons_Egg_Lake,detail_1,92,1139.2716423546235,2296.934777533246,55.99867495133458,13.06854367611532,unidentified,446
861,Dragons_Egg_Lake,detail_1,93,981.1472580861556,1151.8995010887493,36.10703585153551,5.77138790857198,pyroxene,447
861,Dragons_Egg_Lake,detail_1,93,1012.7735735033892,16303.606913558731,30.108464954045697,81.68632742534177,sulf1_v1,448
861,Dragons_Egg_Lake,detail_1,93,1059.3425207607722,935.697769085946,90.0,4.688147521095537,lo-carb,449
861,Dragons_Egg_Lake,detail_1,93,1124.632600902846,3729.0373600124626,34.928105373239276,18.683679530937606,sulf_v3,450
861,Dragons_Egg_Lake,detail_1,93,1158.6263974690764,1641.9159922301303,34.017667768069714,8.226528525701516,unidentified,451
861,Dragons_Egg_Lake,detail_1,94,968.110756441977,1377.1835104090433,56.95681352357632,5.709973604470289,phosphate,452
861,Dragons_Egg_Lake,detail_1,94,1006.3629601219444,1608.6110689101238,83.59656153112816,6.669500958958933,pyroxene,453
861,Dragons_Egg_Lake,detail_1,94,1011.37232034561,57226.63197369469,32.69095994316959,237.26871224698223,sulf1_v1,454
861,Dragons_Egg_Lake,detail_1,94,1069.4214304248198,1759.8712413134394,43.30879211501861,7.296644389956033,lo-carb,455
861,Dragons_Egg_Lake,detail_1,94,1138.7882924941448,9888.614846681823,72.3116717182858,40.99942333941806,unidentified,456
861,Dragons_Egg_Lake,detail_1,95,993.3502214860796,3402.4081017312296,54.49501952630905,28.134508623764397,pyroxene,457
861,Dragons_Egg_Lake,detail_1,95,1013.830727956824,37317.349276997185,30.0,308.5771176348562,sulf1_v1,458
861,Dragons_Egg_Lake,detail_1,95,1067.3802712985084,1344.5618250863722,41.039415277626475,11.11818016299362,lo-carb,459
861,Dragons_Egg_Lake,detail_1,95,1132.8165781397197,5773.139056968865,55.70541941232435,47.73808012678903,sulf_v3,460
861,Dragons_Egg_Lake,detail_1,95,1173.1946864479305,2513.78477485769,40.44580339267357,20.78648337056779,unidentified,461
861,Dragons_Egg_Lake,detail_1,96,734.6270998280162,198.09730288422392,73.17771468008698,2.2798759974362066,unidentified,462
861,Dragons_Egg_Lake,detail_1,96,882.3152081724954,316.8066982034552,90.0,3.6460869307403105,unidentified,463
861,Dragons_Egg_Lake,detail_1,96,969.6805321972012,234.34361613389913,30.0,2.697030084696975,phosphate,464
861,Dragons_Egg_Lake,detail_1,96,1022.2401825442128,272.8543316650721,32.08513278027067,3.140244882199436,sulf2_v1,465
861,Dragons_Egg_Lake,detail_1,96,1104.2482302627625,308.64719384136697,70.00001475607935,3.552180260254377,hi-carb,466
861,Dragons_Egg_Lake,detail_1,97,967.806611066104,324.2207995183174,64.5839590439288,3.380673099899555,phosphate,467
861,Dragons_Egg_Lake,detail_1,97,1009.508160140119,20083.87771814845,30.0,209.41600675924732,sulf1_v1,468
861,Dragons_Egg_Lake,detail_1,97,1123.3907086580489,2429.526846194274,57.931610308133365,25.332847450302943,sulf_v3,469
861,Dragons_Egg_Lake,detail_1,97,1160.7265406256463,1527.5723654816788,30.0,15.92810458738654,unidentified,470
861,Dragons_Egg_Lake,detail_1,97,1199.9999399265307,517.3937426416097,69.99999704746517,5.3949009761356255,unidentified,471
861,Dragons_Egg_Lake,detail_1,98,1013.731212083175,324.88501199758895,59.24583399624895,2.195255718276708,sulf1_v1,472
861,Dragons_Egg_Lake,detail_1,98,1199.8942669857902,424.99955643346254,30.0,2.8717320654131835,unidentified,473
861,Dragons_Egg_Lake,detail_1,99,1071.7062276164206,360.8375626441446,53.74079794556115,2.141452630220882,lo-carb,474
